{
  "Alabama": {
    "abbreviation": "AL",
    "capital": "",
    "image": {
      "image_name": "alabama.jpg",
      "location": "Monte Sano State Park",
      "credit": {
        "author": "Wes Thomas (BamaWester on Flickr)",
        "url": "http://www.flickr.com/photos/bamawester/3493269235/"
      }
    }
  },
  "Alaska": {
    "abbreviation": "AK",
    "capital": "",
    "image": {
      "image_name": "alaska.jpg",
      "location": "Mount McKinley/Denali",
      "credit": {
        "author": "bimiers2 on Flickr",
        "url": "http://www.flickr.com/photos/blmiers2/6167391543/"
      }
    }
  },
  "Arizona": {
    "abbreviation": "AZ",
    "capital": "",
    "image": {
      "image_name": "arizona.jpg",
      "location": "Horseshoe Bend, Colorado River",
      "credit": {
        "author": "Luca Galuzzi",
        "url": "http://commons.wikimedia.org/wiki/File:USA_10187_Horseshoe_Bend_Luca_Galuzzi_2007.jpg"
      }
    }
  },
  "Arkansas": {
    "abbreviation": "AR",
    "capital": "",
    "image": {
      "image_name": "arkansas.jpg",
      "location": "Hawksbill Crag/Whitaker Point, Ozark Mountains",
      "credit": {
        "author": "Jeff Rose/Jeka World Photography",
        "url": "http://www.flickr.com/photos/jekaphotography/7162348533/"
      }
    }
  },
  "California": {
    "abbreviation": "CA",
    "capital": "",
    "image": {
      "image_name": "california.jpg",
      "location": "Yosemite National Park",
      "credit": {
        "author": "David Kingham",
        "url": "http://500px.com/photo/3891531"
      }
    }
  },
  "Colorado": {
    "abbreviation": "CO",
    "capital": "",
    "image": {
      "image_name": "colorado.jpg",
      "location": "Maroon Bells, Elk Mountains",
      "credit": {
        "author": "Alistair Nicol",
        "url": "http://500px.com/photo/19965939"
      }
    }
  },
  "Connecticut": {
    "abbreviation": "CT",
    "capital": "",
    "image": {
      "image_name": "connecticut.jpg",
      "location": "Youngâ€™s Pond, Branford",
      "credit": {
        "author": "slack12 on Flickr",
        "url": "http://www.flickr.com/photos/slack12/2969846449/"
      }
    }
  },
  "Delaware": {
    "abbreviation": "DE",
    "capital": "",
    "image": {
      "image_name": "deleware.jpg",
      "location": "Port Mahon",
      "credit": {
        "author": "Jeffrey on Flickr",
        "url": "http://www.flickr.com/photos/jb912/7681131130/"
      }
    }
  },
  "District Of Columbia": {
    "abbreviation": "DC",
    "capital": "",
    "image": {
      "image_name": "washington_dc.jpg",
      "location": "Monumental Core",
      "credit": {
        "author": "Michael Huey",
        "url": "http://www.flickr.com/photos/masteryofmaps/2365798918/"
      }
    }
  },
  "Florida": {
    "abbreviation": "FL",
    "capital": "",
    "image": {
      "image_name": "florida.jpg",
      "location": "Florida Trail, Big Cypress National Preserve",
      "credit": {
        "author": "Brian Koprowski",
        "url": "http://www.flickr.com/photos/chewbackski/8455214639/"
      }
    }
  },
  "Georgia": {
    "abbreviation": "GA",
    "capital": "",
    "image": {
      "image_name": "georgia.jpg",
      "location": "Wormsloe Historic Site, Savannah",
      "credit": {
        "author": "Trey Ratcliff",
        "url": "http://www.flickr.com/photos/stuckincustoms/4294845720/"
      }
    }
  },
  "Hawaii": {
    "abbreviation": "HI",
    "capital": "",
    "image": {
      "image_name": "hawaii.jpg",
      "location": "Waipio Valley, Big Island",
      "credit": {
        "author": "Paul Bica",
        "url": "http://www.flickr.com/photos/dexxus/5499821986/"
      }
    }
  },
  "Idaho": {
    "abbreviation": "ID",
    "capital": "",
    "image": {
      "image_name": "idaho.jpg",
      "location": "Little Redfish Lake, Sawtooth National Recreation Area",
      "credit": {
        "author": "Charles Knowles",
        "url": "http://www.flickr.com/photos/theknowlesgallery/6269071201/"
      }
    }
  },
  "Illinois": {
    "abbreviation": "IL",
    "capital": "",
    "image": {
      "image_name": "illinois.jpg",
      "location": "North Blackjack Road, Galena",
      "credit": {
        "author": "Ï„Î±Î·jÎµÎµr on Flickr",
        "url": "http://www.flickr.com/photos/tanjeer/7178843225/"
      }
    }
  },
  "Indiana": {
    "abbreviation": "IN",
    "capital": "",
    "image": {
      "image_name": "indiana.jpg",
      "location": "Cub Lake, Merry Lea Environmental Center",
      "credit": {
        "author": "David Cornwell",
        "url": "http://www.flickr.com/photos/dave_cornwell/7859255586/"
      }
    }
  },
  "Iowa": {
    "abbreviation": "IA",
    "capital": "",
    "image": {
      "image_name": "iowa.jpg",
      "location": "Clayton County",
      "credit": {
        "author": "Todd Ehlers",
        "url": "http://www.flickr.com/photos/eklektikos/36411509/"
      }
    }
  },
  "Kansas": {
    "abbreviation": "KS",
    "capital": "",
    "image": {
      "image_name": "kansas.jpg",
      "location": "Cimarron National Grassland, Morton County",
      "credit": {
        "author": "BlackburnPhoto on Flickr",
        "url": "http://www.flickr.com/photos/dobieks/4321272698/"
      }
    }
  },
  "Kentucky": {
    "abbreviation": "KY",
    "capital": "",
    "image": {
      "image_name": "kentucky.jpg",
      "location": "Indian Fort Mountain, Berea",
      "credit": {
        "author": "Jim (code poet on Flickr)",
        "url": "http://www.flickr.com/photos/alphageek/1562780066/"
      }
    }
  },
  "Louisiana": {
    "abbreviation": "LA",
    "capital": "",
    "image": {
      "image_name": "louisiana.jpg",
      "location": "Oak Alley Plantation, Vacherie",
      "credit": {
        "author": "Prayitno on Flickr",
        "url": "http://www.flickr.com/photos/prayitnophotography/7031210389/"
      }
    }
  },
  "Maine": {
    "abbreviation": "ME",
    "capital": "",
    "image": {
      "image_name": "maine.jpg",
      "location": "Portland Head Light, Cape Elizabeth",
      "credit": {
        "author": "Kay Gaensler",
        "url": "http://www.flickr.com/photos/gaensler/5203739827/"
      }
    }
  },
  "Maryland": {
    "abbreviation": "MD",
    "capital": "",
    "image": {
      "image_name": "maryland.jpg",
      "location": "Route 40 â€“ Exit 52, East of Cumberland",
      "credit": {
        "author": "Nancy Frost",
        "url": "http://www.flickr.com/photos/javcon117/6224556383/"
      }
    }
  },
  "Massachusetts": {
    "abbreviation": "MA",
    "capital": "",
    "image": {
      "image_name": "massachusetts.jpg",
      "location": "Houghtonville, North Adams",
      "credit": {
        "author": "Kae Gaensler",
        "url": "http://www.flickr.com/photos/gaensler/5197931483/"
      }
    }
  },
  "Michigan": {
    "abbreviation": "MI",
    "capital": "",
    "image": {
      "image_name": "michigan.jpg",
      "location": "Lake of the Clouds, Porcupine Mountains Wilderness State Park",
      "credit": {
        "author": "James Marvin Phelps",
        "url": "http://www.flickr.com/photos/mandj98/1085868030/"
      }
    }
  },
  "Minnesota": {
    "abbreviation": "MN",
    "capital": "",
    "image": {
      "image_name": "minnesota.jpg",
      "location": "Minnehaha Falls, Minneapolis",
      "credit": {
        "author": "Todd Kehrberg",
        "url": "http://www.flickr.com/photos/tkehrberg/7271823370/"
      }
    }
  },
  "Mississippi": {
    "abbreviation": "MS",
    "capital": "",
    "image": {
      "image_name": "mississippi.jpg",
      "location": "Sam D. Hamilton Noxubee National Wildlife Refuge",
      "credit": {
        "author": "Roger Smith",
        "url": "http://www.flickr.com/photos/rogersmith/2702785760/"
      }
    }
  },
  "Missouri": {
    "abbreviation": "MO",
    "capital": "",
    "image": {
      "image_name": "missouri.jpg",
      "location": "Lake Taneycomo, Table Rock",
      "credit": {
        "author": "Drew Bandy",
        "url": "http://www.flickr.com/photos/drewbandy/5166380422/"
      }
    }
  },
  "Montana": {
    "abbreviation": "MT",
    "capital": "",
    "image": {
      "image_name": "montana.jpg",
      "location": "Glacier National Park",
      "credit": {
        "author": "Trey Ratcliff",
        "url": "http://www.flickr.com/photos/stuckincustoms/2746960560/"
      }
    }
  },
  "Nebraska": {
    "abbreviation": "NE",
    "capital": "",
    "image": {
      "image_name": "nebraska.jpg",
      "location": "Ashfall Fossil Beds State Historical Park, Royal",
      "credit": {
        "author": "Rich on Flickr",
        "url": "http://www.flickr.com/photos/isnapshot/8867385642/"
      }
    }
  },
  "Nevada": {
    "abbreviation": "NV",
    "capital": "",
    "image": {
      "image_name": "nevada.jpg",
      "location": "Valley Of Fire State Park",
      "credit": {
        "author": "James Marvin Phelps",
        "url": "http://www.flickr.com/photos/mandj98/5932469664/"
      }
    }
  },
  "New Hampshire": {
    "abbreviation": "NH",
    "capital": "",
    "image": {
      "image_name": "new_hampshire.jpg",
      "location": "White Mountains, Rockywold, Holderness",
      "credit": {
        "author": "Ben Ferenchak",
        "url": "http://www.flickr.com/photos/benfff85/6067580851/"
      }
    }
  },
  "New Jersey": {
    "abbreviation": "NJ",
    "capital": "",
    "image": {
      "image_name": "new_jersey.jpg",
      "location": "Silver Spray Falls, Walpack Township, Sussex County",
      "credit": {
        "author": "Nicholas A. Tonelli",
        "url": "http://www.flickr.com/photos/nicholas_t/2708577920/"
      }
    }
  },
  "New Mexico": {
    "abbreviation": "NM",
    "capital": "",
    "image": {
      "image_name": "new_mexico.jpg",
      "location": "Manzano Mountains, Southeast of Albuquerque",
      "credit": {
        "author": "Doug Aghassi",
        "url": "http://www.flickr.com/photos/dougitdesign/2718938320/"
      }
    }
  },
  "New York": {
    "abbreviation": "NY",
    "capital": "",
    "image": {
      "image_name": "new_york.jpg",
      "location": "Central Park, New York City",
      "credit": {
        "author": "Christopher Schoenbohm",
        "url": "http://www.flickr.com/photos/chrisschoenbohm/6288866486/"
      }
    }
  },
  "North Carolina": {
    "abbreviation": "NC",
    "capital": "",
    "image": {
      "image_name": "north_carolina.jpg",
      "location": "Smoky Mountains, Suttontown",
      "credit": {
        "author": "Kay Gaensler",
        "url": "http://www.flickr.com/photos/gaensler/7788058782/"
      }
    }
  },
  "North Dakota": {
    "abbreviation": "ND",
    "capital": "",
    "image": {
      "image_name": "north_dakota.jpg",
      "location": "Theodore Roosevelt National Park",
      "credit": {
        "author": "the.waterbird on Flickr",
        "url": "http://www.flickr.com/photos/doucettejl/5955699443/"
      }
    }
  },
  "Ohio": {
    "abbreviation": "OH",
    "capital": "",
    "image": {
      "image_name": "ohio.jpg",
      "location": "Ash Cave, Hocking Hills State Park",
      "credit": {
        "author": "Bryan Olesen on Flickr",
        "url": "http://www.flickr.com/photos/bryanolesen/319680203/in/set-72157594333249711/"
      }
    }
  },
  "Oklahoma": {
    "abbreviation": "OK",
    "capital": "",
    "image": {
      "image_name": "oklahoma.jpg",
      "location": "Wichita Mountains Wildlife Refuge, Lawton",
      "credit": {
        "author": "Daniel James",
        "url": "http://www.flickr.com/photos/revjim/3061730684/"
      }
    }
  },
  "Oregon": {
    "abbreviation": "OR",
    "capital": "",
    "image": {
      "image_name": "oregon.jpg",
      "location": "Lower Kentucky Falls",
      "credit": {
        "author": "Loren Kerns",
        "url": "http://www.flickr.com/photos/lorenkerns/8659687313/"
      }
    }
  },
  "Pennsylvania": {
    "abbreviation": "PA",
    "capital": "",
    "image": {
      "image_name": "pennsylvania.jpg",
      "location": "Pine Creek Gorge, Tioga County",
      "credit": {
        "author": "Nicholas A. Tonelli",
        "url": "http://www.flickr.com/photos/nicholas_t/3602389004/"
      }
    }
  },
  "Rhode Island": {
    "abbreviation": "RI",
    "capital": "",
    "image": {
      "image_name": "rhode_island.jpg",
      "location": "Portsmouth, Newport County",
      "credit": {
        "author": "RawheaD Rex on Flickr",
        "url": "http://www.flickr.com/photos/rawhead/4625663071/"
      }
    }
  },
  "South Carolina": {
    "abbreviation": "SC",
    "capital": "",
    "image": {
      "image_name": "south_carolina.jpg",
      "location": "Landsford Canal State Park",
      "credit": {
        "author": "Ken Fager",
        "url": "http://www.flickr.com/photos/kenfagerdotcom/9117886026/"
      }
    }
  },
  "South Dakota": {
    "abbreviation": "SD",
    "capital": "",
    "image": {
      "image_name": "south_dakota.jpg",
      "location": "Badlands National Park",
      "credit": {
        "author": "Keith Cuddeback",
        "url": "http://www.flickr.com/photos/in2photos/8851975530/"
      }
    }
  },
  "Tennessee": {
    "abbreviation": "TN",
    "capital": "",
    "image": {
      "image_name": "tennessee.jpg",
      "location": "Mt. Cammerer, Great Smoky Mountains National Park",
      "credit": {
        "author": "Michael Hicks",
        "url": "http://www.flickr.com/photos/mikerhicks/6276617383/"
      }
    }
  },
  "Texas": {
    "abbreviation": "TX",
    "capital": "",
    "image": {
      "image_name": "texas.jpg",
      "location": "Hamilton Pool Nature Preserve, Southwest of Austin",
      "credit": {
        "author": "Dave Wilson",
        "url": "http://www.flickr.com/photos/dawilson/2385891927/in/photostream/"
      }
    }
  },
  "Utah": {
    "abbreviation": "UT",
    "capital": "",
    "image": {
      "image_name": "utah.jpg",
      "location": "Thorâ€™s Hammer, Bryce Canyon National Park",
      "credit": {
        "author": "Luca Galuzzi",
        "url": "http://commons.wikimedia.org/wiki/File:USA_10654_Bryce_Canyon_Luca_Galuzzi_2007.jpg"
      }
    }
  },
  "Vermont": {
    "abbreviation": "VT",
    "capital": "",
    "image": {
      "image_name": "vermont.jpg",
      "location": "Peacham, Caledonia County",
      "credit": {
        "author": "Susan Cole Kelly",
        "url": "http://www.flickr.com/photos/susancolekelly/8049951568/"
      }
    }
  },
  "Virginia": {
    "abbreviation": "VA",
    "capital": "",
    "image": {
      "image_name": "virginia.jpg",
      "location": "Pembroke, Giles County",
      "credit": {
        "author": "Dmitry Lyakhov",
        "url": "http://www.flickr.com/photos/mutbka/19482666/"
      }
    }
  },
  "Washington": {
    "abbreviation": "WA",
    "capital": "",
    "image": {
      "image_name": "washington.jpg",
      "location": "Tipsoo Meadow, Pierce County",
      "credit": {
        "author": "Michael Bohlander",
        "url": "http://www.flickr.com/photos/bohlander/2800384628/"
      }
    }
  },
  "West Virginia": {
    "abbreviation": "WV",
    "capital": "",
    "image": {
      "image_name": "west_virginia.jpg",
      "location": "Hawks Nest Bridge, Macdougal",
      "credit": {
        "author": "VaMedia on Flickr",
        "url": "http://www.flickr.com/photos/vamedia/8084791478/"
      }
    }
  },
  "Wisconsin": {
    "abbreviation": "WI",
    "capital": "",
    "image": {
      "image_name": "wisconsin.jpg",
      "location": "Gibraltar Rock, Okee",
      "credit": {
        "author": "Ron Wiecki",
        "url": "http://www.flickr.com/photos/rwphoto/3361259425/"
      }
    }
  },
  "Wyoming": {
    "abbreviation": "WY",
    "capital": "",
    "image": {
      "image_name": "wyoming.jpg",
      "location": "John Moulton Barn, Mormon Row, Grand Teton National Park",
      "credit": {
        "author": "Jon Sullivan",
        "url": "http://en.wikipedia.org/wiki/File:Barns_grand_tetons.jpg"
      }
    }
  }
}